{"RuleTriggered": 0, "Violations": 0, "Details": {"step_num": {"first": 1629543992163958, "last": 1629546109741630}, "job_start": 1629543919.464336, "job_end": 1629546119.964701}, "Datapoints": 84, "RuleParameters": "threshold:20"}