{"RuleTriggered": 0, "Violations": 0, "Details": {"pin_memory": false, "num_workers": 0, "cores": 36, "dataloaders": 1, "dataloading_time": {"p25": 0.021679999999999998, "p50": 0.0226785, "p95": 0.02396945, "probs": [1, 0, 0, 0, 0, 0, 0, 0, 0, 0, 0, 0, 0, 0, 0, 0, 0, 0, 0, 0, 0, 0, 0, 0, 0, 0, 0, 0, 0, 0, 0, 0, 0, 0, 0, 0, 0, 0, 0, 0, 0, 0, 0, 0, 0, 0, 0, 0, 0, 0, 0, 0, 0, 0, 0, 0, 0, 0, 0, 0, 0, 0, 0, 0, 0, 0, 0, 0, 0, 0, 0, 0, 0, 0, 0, 0, 0, 0, 0, 0, 0, 0, 1, 0, 1, 0, 1, 0, 1, 0, 0, 0, 1, 0, 1, 2, 0, 0, 0, 1], "binedges": [0.006596, 0.0067736, 0.0069512, 0.0071288, 0.0073064, 0.007484, 0.0076616, 0.007839200000000001, 0.008016800000000001, 0.008194400000000001, 0.008372000000000001, 0.008549600000000001, 0.008727200000000001, 0.008904800000000001, 0.009082400000000001, 0.009260000000000001, 0.0094376, 0.0096152, 0.0097928, 0.0099704, 0.010148, 0.0103256, 0.0105032, 0.0106808, 0.0108584, 0.011036, 0.0112136, 0.0113912, 0.0115688, 0.0117464, 0.011924, 0.0121016, 0.0122792, 0.0124568, 0.0126344, 0.012812, 0.0129896, 0.0131672, 0.0133448, 0.0135224, 0.0137, 0.0138776, 0.0140552, 0.0142328, 0.0144104, 0.014588, 0.0147656, 0.0149432, 0.0151208, 0.0152984, 0.015476, 0.0156536, 0.0158312, 0.0160088, 0.0161864, 0.016364, 0.0165416, 0.0167192, 0.0168968, 0.0170744, 0.017252, 0.0174296, 0.0176072, 0.0177848, 0.0179624, 0.01814, 0.0183176, 0.0184952, 0.0186728, 0.0188504, 0.019028, 0.0192056, 0.0193832, 0.0195608, 0.0197384, 0.019916, 0.0200936, 0.0202712, 0.0204488, 0.0206264, 0.020804, 0.0209816, 0.0211592, 0.0213368, 0.0215144, 0.021692, 0.0218696, 0.0220472, 0.0222248, 0.0224024, 0.02258, 0.0227576, 0.0229352, 0.0231128, 0.0232904, 0.023468, 0.0236456, 0.0238232, 0.0240008, 0.0241784, 0.024356]}}, "Datapoints": 10, "RuleParameters": "min_threshold:70\nmax_threshold:200"}