{"RuleTriggered": 0, "Violations": 0, "Details": {"ratio": {"cpu_functions": 100.0}, "phase": {"Step:ModeKeys.GLOBAL": 94.21417229336902, "others": 5.785827706630988}, "phase_time": {}, "general": {"DataLoaderIterInitialize": 0.009876523306901449, "Forward": 99.98019676178815, "DataLoaderIter": 0.009926714904946066}, "CPU": {"dropout": 3.6404767730666308, "matmul": 10.793365147058829, "mm": 26.61151657390667, "NativeLayerNormBackward": 7.042303693213707, "native_layer_norm_backward": 7.040515248844072, "MmBackward": 17.274189766891837, "GeluBackward": 13.799013768800592, "gelu_backward": 13.798619028217674}, "CPU_total": {"dropout": 10670379, "matmul": 31635773, "mm": 77999390, "NativeLayerNormBackward": 20641266, "native_layer_norm_backward": 20636024, "MmBackward": 50631322, "GeluBackward": 40445446, "gelu_backward": 40444289}}, "Datapoints": 0, "RuleParameters": ""}